,qseqid,sseqid,pident,length,mismatch,gapopen,qstart,qend,sstart,send,evalue,bitscore
0,BMEI1427-BR1080f,000480155_NZ_AXMY01000021.1,100.0,20.0,0.0,0.0,51.0,70.0,35341.0,35360.0,0.032,38.1
1,BMEI1427-BR1080f,000480155_NZ_AXMY01000003.1,100.0,20.0,0.0,0.0,1.0,20.0,239936.0,239955.0,0.032,38.1
2,BMEI1427-BR1080f,000157775_NZ_DS999743.1,100.0,20.0,0.0,0.0,51.0,70.0,3674.0,3693.0,0.032,38.1
3,BMEI1427-BR1080f,000157775_NZ_DS999743.1,100.0,20.0,0.0,0.0,1.0,20.0,244176.0,244195.0,0.032,38.1
4,BMEI1427-BR1080f,003994045_NZ_JZHO01000014.1,100.0,20.0,0.0,0.0,1.0,20.0,12460.0,12441.0,0.032,38.1
5,BMEI1427-BR1080f,003994045_NZ_JZHO01000007.1,100.0,20.0,0.0,0.0,51.0,70.0,635.0,616.0,0.032,38.1
6,BMEI1427-BR1080f,000371205_NZ_KB850877.1,100.0,20.0,0.0,0.0,51.0,70.0,611374.0,611393.0,0.032,38.1
7,BMEI1427-BR1080f,000371205_NZ_KB850877.1,100.0,20.0,0.0,0.0,1.0,20.0,852049.0,852068.0,0.032,38.1
8,BMEI1427-BR1080f,000371205_NZ_KB850877.1,100.0,20.0,0.0,0.0,51.0,70.0,1393084.0,1393065.0,0.032,38.1
9,BMEI1427-BR1080f,000698325_NZ_CP007697.1,100.0,20.0,0.0,0.0,51.0,70.0,285396.0,285415.0,0.032,38.1
10,BMEI1427-BR1080f,000698325_NZ_CP007697.1,100.0,20.0,0.0,0.0,1.0,20.0,526032.0,526051.0,0.032,38.1
11,BMEI1427-BR1080f,000698325_NZ_CP007697.1,100.0,20.0,0.0,0.0,51.0,70.0,1067243.0,1067224.0,0.032,38.1
12,BMEI1427-BR1080f,000292005_NZ_ALOK02000131.1,100.0,20.0,0.0,0.0,51.0,70.0,371.0,352.0,0.032,38.1
13,BMEI1427-BR1080f,000292005_NZ_ALOK02000182.1,100.0,20.0,0.0,0.0,1.0,20.0,2044.0,2063.0,0.032,38.1
14,BMEI1427-BR1080f,000366245_NZ_AQNW01000005.1,100.0,20.0,0.0,0.0,1.0,20.0,171819.0,171838.0,0.032,38.1
15,BMEI1427-BR1080f,000366245_NZ_AQNW01000005.1,100.0,20.0,0.0,0.0,51.0,70.0,712919.0,712900.0,0.032,38.1
16,BMEI1427-BR1080f,000366245_NZ_AQNW01000004.1,100.0,20.0,0.0,0.0,51.0,70.0,141993.0,142012.0,0.032,38.1
17,BMEI1427-BR1080f,000742055_NZ_KN046809.1,100.0,20.0,0.0,0.0,51.0,70.0,601412.0,601431.0,0.032,38.1
18,BMEI1427-BR1080f,000742055_NZ_KN046809.1,100.0,20.0,0.0,0.0,1.0,20.0,841982.0,842001.0,0.032,38.1
19,BMEI1427-BR1080f,000742055_NZ_KN046809.1,100.0,20.0,0.0,0.0,51.0,70.0,1382716.0,1382697.0,0.032,38.1
20,BMEI1427-BR1080f,000740255_NZ_CP007719.1,100.0,20.0,0.0,0.0,51.0,70.0,1268551.0,1268570.0,0.032,38.1
21,BMEI1427-BR1080f,000740255_NZ_CP007719.1,100.0,20.0,0.0,0.0,1.0,20.0,1508666.0,1508685.0,0.032,38.1
22,BMEI1427-BR1080f,000740255_NZ_CP007719.1,100.0,20.0,0.0,0.0,51.0,70.0,2048276.0,2048257.0,0.032,38.1
23,BMEI1427-BR1080f,000371085_NZ_KB850835.1,100.0,20.0,0.0,0.0,51.0,70.0,588481.0,588500.0,0.032,38.1
24,BMEI1427-BR1080f,000371085_NZ_KB850834.1,100.0,20.0,0.0,0.0,51.0,70.0,635.0,616.0,0.032,38.1
25,BMEI1427-BR1080f,000371085_NZ_KB850832.1,100.0,20.0,0.0,0.0,1.0,20.0,239496.0,239515.0,0.032,38.1
26,BMEI1427-BR1080f,000698285_NZ_CP007693.1,100.0,20.0,0.0,0.0,51.0,70.0,284710.0,284729.0,0.032,38.1
27,BMEI1427-BR1080f,000698285_NZ_CP007693.1,100.0,20.0,0.0,0.0,51.0,70.0,612229.0,612248.0,0.032,38.1
28,BMEI1427-BR1080f,000698285_NZ_CP007693.1,100.0,20.0,0.0,0.0,1.0,20.0,1153452.0,1153433.0,0.032,38.1
29,BMEI1427-BR1080f,000366225_NZ_AQNV01000001.1,100.0,20.0,0.0,0.0,51.0,70.0,226402.0,226421.0,0.032,38.1
30,BMEI1427-BR1080f,000366225_NZ_AQNV01000001.1,100.0,20.0,0.0,0.0,1.0,20.0,466998.0,467017.0,0.032,38.1
31,BMEI1427-BR1080f,000366225_NZ_AQNV01000001.1,100.0,20.0,0.0,0.0,51.0,70.0,1008193.0,1008174.0,0.032,38.1
32,BMEI1427-BR1080f,000600055_NZ_CP006961.1,100.0,20.0,0.0,0.0,51.0,70.0,271646.0,271665.0,0.032,38.1
33,BMEI1427-BR1080f,000600055_NZ_CP006961.1,100.0,20.0,0.0,0.0,1.0,20.0,511665.0,511684.0,0.032,38.1
34,BMEI1427-BR1080f,000600055_NZ_CP006961.1,100.0,20.0,0.0,0.0,51.0,70.0,1051197.0,1051178.0,0.032,38.1
35,BMEI1427-BR1080f,000365705_NZ_AQNY01000007.1,100.0,20.0,0.0,0.0,51.0,70.0,106142.0,106123.0,0.032,38.1
36,BMEI1427-BR1080f,000365705_NZ_AQNY01000003.1,100.0,20.0,0.0,0.0,1.0,20.0,828719.0,828738.0,0.032,38.1
37,BMEI1427-BR1080f,000365705_NZ_AQNY01000002.1,100.0,20.0,0.0,0.0,51.0,70.0,227391.0,227410.0,0.032,38.1
38,BMEI1427-BR1080f,000366085_NZ_AQNT01000006.1,100.0,20.0,0.0,0.0,1.0,20.0,380429.0,380410.0,0.032,38.1
39,BMEI1427-BR1080f,000366085_NZ_AQNT01000006.1,100.0,20.0,0.0,0.0,51.0,70.0,620525.0,620506.0,0.032,38.1
40,BMEI1427-BR1080f,000160275_NZ_GG703793.1,100.0,20.0,0.0,0.0,51.0,70.0,533748.0,533767.0,0.032,38.1
41,BMEI1427-BR1080f,000160275_NZ_GG703793.1,100.0,20.0,0.0,0.0,1.0,20.0,1073563.0,1073544.0,0.032,38.1
42,BMEI1427-BR1080f,000371285_NZ_KB850909.1,100.0,20.0,0.0,0.0,51.0,70.0,106322.0,106303.0,0.032,38.1
43,BMEI1427-BR1080f,000371285_NZ_KB850903.1,100.0,20.0,0.0,0.0,1.0,20.0,171879.0,171898.0,0.032,38.1
44,BMEI1427-BR1080f,000371285_NZ_KB850902.1,100.0,20.0,0.0,0.0,51.0,70.0,141934.0,141953.0,0.032,38.1
45,BMEI1427-BR1080f,000699025_NZ_CP007695.1,100.0,20.0,0.0,0.0,51.0,70.0,284734.0,284753.0,0.032,38.1
46,BMEI1427-BR1080f,000699025_NZ_CP007695.1,100.0,20.0,0.0,0.0,51.0,70.0,612323.0,612342.0,0.032,38.1
47,BMEI1427-BR1080f,000699025_NZ_CP007695.1,100.0,20.0,0.0,0.0,1.0,20.0,1153309.0,1153290.0,0.032,38.1
48,BMEI1427-BR1080f,000292105_NZ_ALON02000104.1,100.0,20.0,0.0,0.0,1.0,20.0,10795.0,10776.0,0.032,38.1
49,BMEI1427-BR1080f,000292105_NZ_ALON02000264.1,100.0,20.0,0.0,0.0,51.0,70.0,302.0,283.0,0.032,38.1
50,BMEI1427-BR1080f,000223195_NC_017251.1,100.0,20.0,0.0,0.0,51.0,70.0,271645.0,271664.0,0.032,38.1
51,BMEI1427-BR1080f,000223195_NC_017251.1,100.0,20.0,0.0,0.0,1.0,20.0,511672.0,511691.0,0.032,38.1
52,BMEI1427-BR1080f,000223195_NC_017251.1,100.0,20.0,0.0,0.0,51.0,70.0,1051204.0,1051185.0,0.032,38.1
53,BMEI1427-BR1080f,000741995_NZ_KN046807.1,100.0,20.0,0.0,0.0,51.0,70.0,522363.0,522344.0,0.032,38.1
54,BMEI1427-BR1080f,000741995_NZ_KN046807.1,100.0,20.0,0.0,0.0,1.0,20.0,1742839.0,1742820.0,0.032,38.1
55,BMEI1427-BR1080f,000741995_NZ_KN046807.1,100.0,20.0,0.0,0.0,51.0,70.0,1982922.0,1982903.0,0.032,38.1
56,BMEI1427-BR1080f,000480195_NZ_KI518550.1,100.0,20.0,0.0,0.0,51.0,70.0,13164.0,13183.0,0.032,38.1
57,BMEI1427-BR1080f,000480195_NZ_KI518531.1,100.0,20.0,0.0,0.0,1.0,20.0,27475.0,27494.0,0.032,38.1
58,BMEI1427-BR1080f,000331635_NZ_KB223504.1,100.0,20.0,0.0,0.0,1.0,20.0,239960.0,239979.0,0.032,38.1
59,BMEI1427-BR1080f,000331635_NZ_ANOZ01000283.1,100.0,20.0,0.0,0.0,51.0,70.0,4097.0,4116.0,0.032,38.1
60,BMEI1427-BR1080f,000371325_NZ_KB851298.1,100.0,20.0,0.0,0.0,1.0,20.0,172175.0,172194.0,0.032,38.1
61,BMEI1427-BR1080f,000371325_NZ_KB851297.1,100.0,20.0,0.0,0.0,51.0,70.0,17256.0,17275.0,0.032,38.1
62,BMEI1427-BR1080f,000698245_NZ_CP007691.1,100.0,20.0,0.0,0.0,51.0,70.0,284729.0,284748.0,0.032,38.1
63,BMEI1427-BR1080f,000698245_NZ_CP007691.1,100.0,20.0,0.0,0.0,51.0,70.0,612306.0,612325.0,0.032,38.1
64,BMEI1427-BR1080f,000698245_NZ_CP007691.1,100.0,20.0,0.0,0.0,1.0,20.0,1153313.0,1153294.0,0.032,38.1
65,BMEI1427-BR1080f,000701065_NZ_JELT01000087.1,100.0,20.0,0.0,0.0,51.0,70.0,635.0,616.0,0.032,38.1
66,BMEI1427-BR1080f,000701065_NZ_JELT01000061.1,100.0,20.0,0.0,0.0,1.0,20.0,10773.0,10754.0,0.032,38.1
67,BMEI1427-BR1080f,000371145_NZ_KB850860.1,100.0,20.0,0.0,0.0,51.0,70.0,121038.0,121057.0,0.032,38.1
68,BMEI1427-BR1080f,000371145_NZ_KB850860.1,100.0,20.0,0.0,0.0,1.0,20.0,361047.0,361066.0,0.032,38.1
69,BMEI1427-BR1080f,000365585_NZ_AQNZ01000008.1,100.0,20.0,0.0,0.0,1.0,20.0,12520.0,12501.0,0.032,38.1
70,BMEI1427-BR1080f,000365585_NZ_AQNZ01000007.1,100.0,20.0,0.0,0.0,51.0,70.0,106182.0,106163.0,0.032,38.1
71,BMEI1427-BR1080f,000365585_NZ_AQNZ01000002.1,100.0,20.0,0.0,0.0,51.0,70.0,141556.0,141575.0,0.032,38.1
72,BMEI1427-BR1080f,000371185_NZ_KB850874.1,100.0,20.0,0.0,0.0,51.0,70.0,607454.0,607473.0,0.032,38.1
73,BMEI1427-BR1080f,000371185_NZ_KB850874.1,100.0,20.0,0.0,0.0,1.0,20.0,848057.0,848076.0,0.032,38.1
74,BMEI1427-BR1080f,000371185_NZ_KB850872.1,100.0,20.0,0.0,0.0,51.0,70.0,1565.0,1546.0,0.032,38.1
75,BMEI1427-BR1080f,001715425_NZ_CP016981.1,100.0,20.0,0.0,0.0,51.0,70.0,271678.0,271697.0,0.032,38.1
76,BMEI1427-BR1080f,001715425_NZ_CP016981.1,100.0,20.0,0.0,0.0,1.0,20.0,511696.0,511715.0,0.032,38.1
77,BMEI1427-BR1080f,001715425_NZ_CP016981.1,100.0,20.0,0.0,0.0,51.0,70.0,1051262.0,1051243.0,0.032,38.1
78,BMEI1427-BR1080f,000371265_NZ_KB850885.1,100.0,20.0,0.0,0.0,51.0,70.0,611348.0,611367.0,0.032,38.1
79,BMEI1427-BR1080f,000371265_NZ_KB850885.1,100.0,20.0,0.0,0.0,1.0,20.0,851795.0,851814.0,0.032,38.1
80,BMEI1427-BR1080f,000371265_NZ_KB850885.1,100.0,20.0,0.0,0.0,51.0,70.0,1392443.0,1392424.0,0.032,38.1
81,BMEI1427-BR1080f,002749475_NZ_CP024420.1,100.0,20.0,0.0,0.0,51.0,70.0,271700.0,271719.0,0.032,38.1
82,BMEI1427-BR1080f,002749475_NZ_CP024420.1,100.0,20.0,0.0,0.0,1.0,20.0,511728.0,511747.0,0.032,38.1
83,BMEI1427-BR1080f,002749475_NZ_CP024420.1,100.0,20.0,0.0,0.0,51.0,70.0,1051259.0,1051240.0,0.032,38.1
84,BMEI1427-BR1080f,003194855_NZ_QITR01000063.1,100.0,20.0,0.0,0.0,51.0,70.0,2002.0,2021.0,0.032,38.1
85,BMEI1427-BR1080f,003194855_NZ_QITR01000018.1,100.0,20.0,0.0,0.0,1.0,20.0,66166.0,66185.0,0.032,38.1
86,BMEI1427-BR1080f,000365565_NZ_AQOA01000003.1,100.0,20.0,0.0,0.0,1.0,20.0,172408.0,172427.0,0.032,38.1
87,BMEI1427-BR1080f,000365565_NZ_AQOA01000002.1,100.0,20.0,0.0,0.0,51.0,70.0,142279.0,142298.0,0.032,38.1
88,BMEI1427-BR1080f,000742005_NZ_KN046804.1,100.0,20.0,0.0,0.0,51.0,70.0,781385.0,781366.0,0.032,38.1
89,BMEI1427-BR1080f,000742005_NZ_KN046804.1,100.0,20.0,0.0,0.0,1.0,20.0,1280270.0,1280251.0,0.032,38.1
90,BMEI1427-BR1080f,004684165_NZ_SRIH01000019.1,100.0,20.0,0.0,0.0,1.0,20.0,204935.0,204954.0,0.032,38.1
91,BMEI1427-BR1080f,004684165_NZ_SRIH01000024.1,100.0,20.0,0.0,0.0,51.0,70.0,635.0,616.0,0.032,38.1
92,BMEI1427-BR1080f,000236255_NC_016797.1,100.0,20.0,0.0,0.0,51.0,70.0,271606.0,271625.0,0.032,38.1
93,BMEI1427-BR1080f,000236255_NC_016797.1,100.0,20.0,0.0,0.0,1.0,20.0,511617.0,511636.0,0.032,38.1
94,BMEI1427-BR1080f,000236255_NC_016797.1,100.0,20.0,0.0,0.0,51.0,70.0,1051171.0,1051152.0,0.032,38.1
95,BMEI1427-BR1080f,000480055_NZ_KI518472.1,100.0,20.0,0.0,0.0,51.0,70.0,226311.0,226330.0,0.032,38.1
96,BMEI1427-BR1080f,000480055_NZ_KI518472.1,100.0,20.0,0.0,0.0,1.0,20.0,466930.0,466949.0,0.032,38.1
97,BMEI1427-BR1080f,000480055_NZ_KI518471.1,100.0,20.0,0.0,0.0,51.0,70.0,356783.0,356764.0,0.032,38.1
98,BMEI1427-BR1080f,000371305_NZ_KB850910.1,100.0,20.0,0.0,0.0,51.0,70.0,611275.0,611294.0,0.032,38.1
99,BMEI1427-BR1080f,000371305_NZ_KB850910.1,100.0,20.0,0.0,0.0,1.0,20.0,851812.0,851831.0,0.032,38.1
100,BMEI1427-BR1080f,000371305_NZ_KB850910.1,100.0,20.0,0.0,0.0,51.0,70.0,1392656.0,1392637.0,0.032,38.1
101,BMEI1427-BR1080f,000480315_NZ_KI518574.1,100.0,20.0,0.0,0.0,51.0,70.0,142106.0,142125.0,0.032,38.1
102,BMEI1427-BR1080f,000480315_NZ_KI518571.1,100.0,20.0,0.0,0.0,1.0,20.0,826882.0,826901.0,0.032,38.1
103,BMEI1427-BR1080f,000480315_NZ_KI518571.1,100.0,20.0,0.0,0.0,51.0,70.0,1368028.0,1368009.0,0.032,38.1
104,BMEI1427-BR1080f,000875695_NZ_CP010850.1,100.0,20.0,0.0,0.0,51.0,70.0,271613.0,271632.0,0.032,38.1
105,BMEI1427-BR1080f,000875695_NZ_CP010850.1,100.0,20.0,0.0,0.0,1.0,20.0,511646.0,511665.0,0.032,38.1
106,BMEI1427-BR1080f,000875695_NZ_CP010850.1,100.0,20.0,0.0,0.0,51.0,70.0,1051184.0,1051165.0,0.032,38.1
107,BMEI1427-BR1080f,000371245_NZ_KB850888.1,100.0,20.0,0.0,0.0,51.0,70.0,607225.0,607244.0,0.032,38.1
108,BMEI1427-BR1080f,000371245_NZ_KB850888.1,100.0,20.0,0.0,0.0,1.0,20.0,847753.0,847772.0,0.032,38.1
109,BMEI1427-BR1080f,000371245_NZ_KB850888.1,100.0,20.0,0.0,0.0,51.0,70.0,1388330.0,1388311.0,0.032,38.1
110,BMEI1427-BR1080f,000371225_NZ_KB850882.1,100.0,20.0,0.0,0.0,51.0,70.0,611247.0,611266.0,0.032,38.1
111,BMEI1427-BR1080f,000371225_NZ_KB850882.1,100.0,20.0,0.0,0.0,1.0,20.0,851775.0,851794.0,0.032,38.1
112,BMEI1427-BR1080f,000371225_NZ_KB850882.1,100.0,20.0,0.0,0.0,51.0,70.0,1393486.0,1393467.0,0.032,38.1
113,BMEI1427-BR1080f,000007505_NC_004310.3,100.0,20.0,0.0,0.0,51.0,70.0,271659.0,271678.0,0.032,38.1
114,BMEI1427-BR1080f,000007505_NC_004310.3,100.0,20.0,0.0,0.0,1.0,20.0,511686.0,511705.0,0.032,38.1
115,BMEI1427-BR1080f,000007505_NC_004310.3,100.0,20.0,0.0,0.0,51.0,70.0,1051218.0,1051199.0,0.032,38.1
116,BMEI1427-BR1080f,000371125_NZ_KB850855.1,100.0,20.0,0.0,0.0,1.0,20.0,171928.0,171947.0,0.032,38.1
117,BMEI1427-BR1080f,000371125_NZ_KB850855.1,100.0,20.0,0.0,0.0,51.0,70.0,713070.0,713051.0,0.032,38.1
118,BMEI1427-BR1080f,000371125_NZ_KB850854.1,100.0,20.0,0.0,0.0,51.0,70.0,141588.0,141607.0,0.032,38.1
119,BMEI1427-BR1080f,003994175_NZ_JZHS01000020.1,100.0,20.0,0.0,0.0,1.0,20.0,12191.0,12172.0,0.032,38.1
120,BMEI1427-BR1080f,003994175_NZ_JZHS01000005.1,100.0,20.0,0.0,0.0,51.0,70.0,708.0,689.0,0.032,38.1
121,BMEI1427-BR1080f,000018905_NC_010169.1,100.0,20.0,0.0,0.0,51.0,70.0,289104.0,289123.0,0.032,38.1
122,BMEI1427-BR1080f,000018905_NC_010169.1,100.0,20.0,0.0,0.0,1.0,20.0,529676.0,529695.0,0.032,38.1
123,BMEI1427-BR1080f,000018905_NC_010169.1,100.0,20.0,0.0,0.0,51.0,70.0,1070880.0,1070861.0,0.032,38.1
124,BMEI1427-BR1080f,000366265_NZ_AQNX01000006.1,100.0,20.0,0.0,0.0,51.0,70.0,106219.0,106200.0,0.032,38.1
125,BMEI1427-BR1080f,000366265_NZ_AQNX01000002.1,100.0,20.0,0.0,0.0,1.0,20.0,240306.0,240325.0,0.032,38.1
126,BMEI1427-BR1080f,000480035_NZ_AXMT01000005.1,100.0,20.0,0.0,0.0,51.0,70.0,141556.0,141575.0,0.032,38.1
127,BMEI1427-BR1080f,000480035_NZ_AXMT01000003.1,100.0,20.0,0.0,0.0,51.0,70.0,106227.0,106208.0,0.032,38.1
128,BMEI1427-BR1080f,000480035_NZ_AXMT01000002.1,100.0,20.0,0.0,0.0,1.0,20.0,262460.0,262479.0,0.032,38.1
129,BMEI1427-BR1080f,000371165_NZ_KB850870.1,100.0,20.0,0.0,0.0,51.0,70.0,315496.0,315477.0,0.032,38.1
130,BMEI1427-BR1080f,000371165_NZ_KB850869.1,100.0,20.0,0.0,0.0,51.0,70.0,262449.0,262468.0,0.032,38.1
131,BMEI1427-BR1080f,000371165_NZ_KB850869.1,100.0,20.0,0.0,0.0,1.0,20.0,503021.0,503040.0,0.032,38.1
132,BMEI1427-BR1080f,900460605_NZ_UFTY01000001.1,100.0,20.0,0.0,0.0,51.0,70.0,270851.0,270870.0,0.032,38.1
133,BMEI1427-BR1080f,900460605_NZ_UFTY01000001.1,100.0,20.0,0.0,0.0,1.0,20.0,510876.0,510895.0,0.032,38.1
134,BMEI1427-BR1080f,900460605_NZ_UFTY01000001.1,100.0,20.0,0.0,0.0,51.0,70.0,1050405.0,1050386.0,0.032,38.1
135,BMEI1427-BR1080f,000366205_NZ_AQNU01000007.1,100.0,20.0,0.0,0.0,51.0,70.0,106283.0,106264.0,0.032,38.1
136,BMEI1427-BR1080f,000366205_NZ_AQNU01000003.1,100.0,20.0,0.0,0.0,1.0,20.0,204509.0,204528.0,0.032,38.1
137,BMEI1427-BR1080f,000371105_NZ_KB850852.1,100.0,20.0,0.0,0.0,51.0,70.0,106300.0,106281.0,0.032,38.1
138,BMEI1427-BR1080f,000371105_NZ_KB850848.1,100.0,20.0,0.0,0.0,1.0,20.0,239605.0,239624.0,0.032,38.1
139,BMEI1427-BR1080f,000209635_NZ_AFFC02000011.1,100.0,20.0,0.0,0.0,51.0,70.0,4097.0,4116.0,0.032,38.1
140,BMEI1427-BR1080f,000209635_NZ_AFFC02000023.1,100.0,20.0,0.0,0.0,1.0,20.0,10817.0,10798.0,0.032,38.1
141,BMEI1427-BR1080f,001594165_NZ_CP013963.1,100.0,20.0,0.0,0.0,1.0,20.0,374999.0,374980.0,0.032,38.1
142,BMEI1427-BR1080f,001594165_NZ_CP013963.1,100.0,20.0,0.0,0.0,51.0,70.0,615018.0,614999.0,0.032,38.1
143,BMEI1427-BR1080f,001594165_NZ_CP013963.1,100.0,20.0,0.0,0.0,51.0,70.0,1939414.0,1939433.0,0.032,38.1
144,BMEI1427-BR1080f,900446145_NZ_UAQV01000018.1,100.0,20.0,0.0,0.0,51.0,70.0,203108.0,203127.0,0.032,38.1
145,BMEI1427-BR1080f,900446145_NZ_UAQV01000017.1,100.0,20.0,0.0,0.0,1.0,20.0,56170.0,56189.0,0.032,38.1
146,BMEI1427-BR1080f,900446145_NZ_UAQV01000017.1,100.0,20.0,0.0,0.0,51.0,70.0,595724.0,595705.0,0.032,38.1
147,BMEI1427-BR1080f,000480135_NZ_AXMW01000008.1,100.0,20.0,0.0,0.0,1.0,20.0,172357.0,172376.0,0.032,38.1
148,BMEI1427-BR1080f,000480135_NZ_AXMW01000007.1,100.0,20.0,0.0,0.0,51.0,70.0,141775.0,141794.0,0.032,38.1
149,BMEI1427-BR1080f,000480135_NZ_AXMW01000005.1,100.0,20.0,0.0,0.0,51.0,70.0,106481.0,106462.0,0.032,38.1
150,BMEI1427-BR1080f,000698345_NZ_CP007720.1,100.0,20.0,0.0,0.0,51.0,70.0,285396.0,285415.0,0.032,38.1
151,BMEI1427-BR1080f,000698345_NZ_CP007720.1,100.0,20.0,0.0,0.0,1.0,20.0,525977.0,525996.0,0.032,38.1
152,BMEI1427-BR1080f,000698345_NZ_CP007720.1,100.0,20.0,0.0,0.0,51.0,70.0,1066854.0,1066835.0,0.032,38.1
153,BMEI1427-BR1080f,000292005_NZ_ALOK02000261.1,100.0,19.0,0.0,0.0,52.0,70.0,410.0,428.0,0.11,36.2
154,BMEI1427-BR1080f,000292105_NZ_ALON02000263.1,100.0,19.0,0.0,0.0,52.0,70.0,375.0,357.0,0.11,36.2
155,BR1080r-BMEI1688,000480155_NZ_AXMY01000021.1,100.0,20.0,0.0,0.0,51.0,70.0,14632.0,14651.0,0.032,38.1
156,BR1080r-BMEI1688,000157775_NZ_DS999743.1,100.0,20.0,0.0,0.0,1.0,20.0,3870.0,3851.0,0.032,38.1
157,BR1080r-BMEI1688,003994045_NZ_JZHO01000007.1,100.0,20.0,0.0,0.0,1.0,20.0,439.0,458.0,0.032,38.1
158,BR1080r-BMEI1688,000371205_NZ_KB850877.1,100.0,20.0,0.0,0.0,51.0,70.0,590654.0,590673.0,0.032,38.1
159,BR1080r-BMEI1688,000698325_NZ_CP007697.1,100.0,20.0,0.0,0.0,51.0,70.0,264687.0,264706.0,0.032,38.1
160,BR1080r-BMEI1688,000292005_NZ_ALOK02000131.1,100.0,20.0,0.0,0.0,1.0,20.0,175.0,194.0,0.032,38.1
161,BR1080r-BMEI1688,000292005_NZ_ALOK02000285.1,100.0,20.0,0.0,0.0,51.0,70.0,2575.0,2594.0,0.032,38.1
162,BR1080r-BMEI1688,000366245_NZ_AQNW01000004.1,100.0,20.0,0.0,0.0,51.0,70.0,121273.0,121292.0,0.032,38.1
163,BR1080r-BMEI1688,000742055_NZ_KN046809.1,100.0,20.0,0.0,0.0,51.0,70.0,580692.0,580711.0,0.032,38.1
164,BR1080r-BMEI1688,000740255_NZ_CP007719.1,100.0,20.0,0.0,0.0,1.0,20.0,1268747.0,1268728.0,0.032,38.1
165,BR1080r-BMEI1688,000740255_NZ_CP007719.1,100.0,20.0,0.0,0.0,1.0,20.0,2048080.0,2048099.0,0.032,38.1
166,BR1080r-BMEI1688,000371085_NZ_KB850835.1,100.0,20.0,0.0,0.0,1.0,20.0,588677.0,588658.0,0.032,38.1
167,BR1080r-BMEI1688,000371085_NZ_KB850834.1,100.0,20.0,0.0,0.0,1.0,20.0,439.0,458.0,0.032,38.1
168,BR1080r-BMEI1688,000698285_NZ_CP007693.1,100.0,20.0,0.0,0.0,51.0,70.0,263990.0,264009.0,0.032,38.1
169,BR1080r-BMEI1688,000366225_NZ_AQNV01000001.1,100.0,20.0,0.0,0.0,51.0,70.0,205683.0,205702.0,0.032,38.1
170,BR1080r-BMEI1688,000600055_NZ_CP006961.1,100.0,20.0,0.0,0.0,1.0,20.0,271842.0,271823.0,0.032,38.1
171,BR1080r-BMEI1688,000600055_NZ_CP006961.1,100.0,20.0,0.0,0.0,1.0,20.0,1051001.0,1051020.0,0.032,38.1
172,BR1080r-BMEI1688,000365705_NZ_AQNY01000002.1,100.0,20.0,0.0,0.0,51.0,70.0,206671.0,206690.0,0.032,38.1
173,BR1080r-BMEI1688,000366085_NZ_AQNT01000006.1,100.0,20.0,0.0,0.0,1.0,20.0,620329.0,620348.0,0.032,38.1
174,BR1080r-BMEI1688,000160275_NZ_GG703793.1,100.0,20.0,0.0,0.0,1.0,20.0,533944.0,533925.0,0.032,38.1
175,BR1080r-BMEI1688,000371285_NZ_KB850902.1,100.0,20.0,0.0,0.0,51.0,70.0,121225.0,121244.0,0.032,38.1
176,BR1080r-BMEI1688,000699025_NZ_CP007695.1,100.0,20.0,0.0,0.0,51.0,70.0,264014.0,264033.0,0.032,38.1
177,BR1080r-BMEI1688,000292105_NZ_ALON02000264.1,100.0,20.0,0.0,0.0,1.0,20.0,106.0,125.0,0.032,38.1
178,BR1080r-BMEI1688,000292105_NZ_ALON02000271.1,100.0,20.0,0.0,0.0,51.0,70.0,439.0,458.0,0.032,38.1
179,BR1080r-BMEI1688,000223195_NC_017251.1,100.0,20.0,0.0,0.0,1.0,20.0,271841.0,271822.0,0.032,38.1
180,BR1080r-BMEI1688,000223195_NC_017251.1,100.0,20.0,0.0,0.0,1.0,20.0,1051008.0,1051027.0,0.032,38.1
181,BR1080r-BMEI1688,000741995_NZ_KN046807.1,100.0,20.0,0.0,0.0,1.0,20.0,522167.0,522186.0,0.032,38.1
182,BR1080r-BMEI1688,000741995_NZ_KN046807.1,100.0,20.0,0.0,0.0,1.0,20.0,1982726.0,1982745.0,0.032,38.1
183,BR1080r-BMEI1688,000480195_NZ_KI518550.1,100.0,20.0,0.0,0.0,1.0,20.0,13360.0,13341.0,0.032,38.1
184,BR1080r-BMEI1688,000331635_NZ_ANOZ01000283.1,100.0,20.0,0.0,0.0,1.0,20.0,4293.0,4274.0,0.032,38.1
185,BR1080r-BMEI1688,000371325_NZ_KB851295.1,100.0,20.0,0.0,0.0,51.0,70.0,121570.0,121589.0,0.032,38.1
186,BR1080r-BMEI1688,000698245_NZ_CP007691.1,100.0,20.0,0.0,0.0,51.0,70.0,264009.0,264028.0,0.032,38.1
187,BR1080r-BMEI1688,000701065_NZ_JELT01000087.1,100.0,20.0,0.0,0.0,1.0,20.0,439.0,458.0,0.032,38.1
188,BR1080r-BMEI1688,000371145_NZ_KB850860.1,100.0,20.0,0.0,0.0,1.0,20.0,121234.0,121215.0,0.032,38.1
189,BR1080r-BMEI1688,000365585_NZ_AQNZ01000002.1,100.0,20.0,0.0,0.0,51.0,70.0,120836.0,120855.0,0.032,38.1
190,BR1080r-BMEI1688,000371185_NZ_KB850874.1,100.0,20.0,0.0,0.0,51.0,70.0,586531.0,586550.0,0.032,38.1
191,BR1080r-BMEI1688,001715425_NZ_CP016981.1,100.0,20.0,0.0,0.0,1.0,20.0,271874.0,271855.0,0.032,38.1
192,BR1080r-BMEI1688,001715425_NZ_CP016981.1,100.0,20.0,0.0,0.0,1.0,20.0,1051066.0,1051085.0,0.032,38.1
193,BR1080r-BMEI1688,000371265_NZ_KB850885.1,100.0,20.0,0.0,0.0,51.0,70.0,590628.0,590647.0,0.032,38.1
194,BR1080r-BMEI1688,002749475_NZ_CP024420.1,100.0,20.0,0.0,0.0,1.0,20.0,271896.0,271877.0,0.032,38.1
195,BR1080r-BMEI1688,002749475_NZ_CP024420.1,100.0,20.0,0.0,0.0,1.0,20.0,1051063.0,1051082.0,0.032,38.1
196,BR1080r-BMEI1688,003194855_NZ_QITR01000063.1,100.0,20.0,0.0,0.0,1.0,20.0,2198.0,2179.0,0.032,38.1
197,BR1080r-BMEI1688,000365565_NZ_AQOA01000002.1,100.0,20.0,0.0,0.0,51.0,70.0,121570.0,121589.0,0.032,38.1
198,BR1080r-BMEI1688,000742005_NZ_KN046804.1,100.0,20.0,0.0,0.0,1.0,20.0,781189.0,781208.0,0.032,38.1
199,BR1080r-BMEI1688,004684165_NZ_SRIH01000024.1,100.0,20.0,0.0,0.0,1.0,20.0,439.0,458.0,0.032,38.1
200,BR1080r-BMEI1688,004684165_NZ_SRIH01000018.1,100.0,20.0,0.0,0.0,1.0,20.0,69.0,50.0,0.032,38.1
201,BR1080r-BMEI1688,004684165_NZ_SRIH01000023.1,100.0,20.0,0.0,0.0,1.0,20.0,105923.0,105942.0,0.032,38.1
202,BR1080r-BMEI1688,000236255_NC_016797.1,100.0,20.0,0.0,0.0,1.0,20.0,271802.0,271783.0,0.032,38.1
203,BR1080r-BMEI1688,000236255_NC_016797.1,100.0,20.0,0.0,0.0,1.0,20.0,1050975.0,1050994.0,0.032,38.1
204,BR1080r-BMEI1688,000480055_NZ_KI518472.1,100.0,20.0,0.0,0.0,51.0,70.0,205591.0,205610.0,0.032,38.1
205,BR1080r-BMEI1688,000371305_NZ_KB850910.1,100.0,20.0,0.0,0.0,51.0,70.0,590566.0,590585.0,0.032,38.1
206,BR1080r-BMEI1688,000480315_NZ_KI518574.1,100.0,20.0,0.0,0.0,51.0,70.0,121386.0,121405.0,0.032,38.1
207,BR1080r-BMEI1688,000875695_NZ_CP010850.1,100.0,20.0,0.0,0.0,1.0,20.0,271809.0,271790.0,0.032,38.1
208,BR1080r-BMEI1688,000875695_NZ_CP010850.1,100.0,20.0,0.0,0.0,1.0,20.0,1050988.0,1051007.0,0.032,38.1
209,BR1080r-BMEI1688,000371245_NZ_KB850888.1,100.0,20.0,0.0,0.0,51.0,70.0,586505.0,586524.0,0.032,38.1
210,BR1080r-BMEI1688,000371225_NZ_KB850882.1,100.0,20.0,0.0,0.0,51.0,70.0,590527.0,590546.0,0.032,38.1
211,BR1080r-BMEI1688,000007505_NC_004310.3,100.0,20.0,0.0,0.0,1.0,20.0,271855.0,271836.0,0.032,38.1
212,BR1080r-BMEI1688,000007505_NC_004310.3,100.0,20.0,0.0,0.0,1.0,20.0,1051022.0,1051041.0,0.032,38.1
213,BR1080r-BMEI1688,000371125_NZ_KB850854.1,100.0,20.0,0.0,0.0,51.0,70.0,120868.0,120887.0,0.032,38.1
214,BR1080r-BMEI1688,003994175_NZ_JZHS01000018.1,100.0,20.0,0.0,0.0,51.0,70.0,18226.0,18207.0,0.032,38.1
215,BR1080r-BMEI1688,000018905_NC_010169.1,100.0,20.0,0.0,0.0,51.0,70.0,268384.0,268403.0,0.032,38.1
216,BR1080r-BMEI1688,000366265_NZ_AQNX01000006.1,100.0,20.0,0.0,0.0,1.0,20.0,106023.0,106042.0,0.032,38.1
217,BR1080r-BMEI1688,000480035_NZ_AXMT01000005.1,100.0,20.0,0.0,0.0,51.0,70.0,120836.0,120855.0,0.032,38.1
218,BR1080r-BMEI1688,000371165_NZ_KB850869.1,100.0,20.0,0.0,0.0,51.0,70.0,241729.0,241748.0,0.032,38.1
219,BR1080r-BMEI1688,900460605_NZ_UFTY01000001.1,100.0,20.0,0.0,0.0,1.0,20.0,271047.0,271028.0,0.032,38.1
220,BR1080r-BMEI1688,900460605_NZ_UFTY01000001.1,100.0,20.0,0.0,0.0,1.0,20.0,1050209.0,1050228.0,0.032,38.1
221,BR1080r-BMEI1688,000366205_NZ_AQNU01000007.1,100.0,20.0,0.0,0.0,1.0,20.0,106087.0,106106.0,0.032,38.1
222,BR1080r-BMEI1688,000371105_NZ_KB850852.1,100.0,20.0,0.0,0.0,1.0,20.0,106104.0,106123.0,0.032,38.1
223,BR1080r-BMEI1688,000209635_NZ_AFFC02000011.1,100.0,20.0,0.0,0.0,1.0,20.0,4293.0,4274.0,0.032,38.1
224,BR1080r-BMEI1688,001594165_NZ_CP013963.1,100.0,20.0,0.0,0.0,1.0,20.0,614822.0,614841.0,0.032,38.1
225,BR1080r-BMEI1688,001594165_NZ_CP013963.1,100.0,20.0,0.0,0.0,1.0,20.0,1939610.0,1939591.0,0.032,38.1
226,BR1080r-BMEI1688,900446145_NZ_UAQV01000018.1,100.0,20.0,0.0,0.0,1.0,20.0,203304.0,203285.0,0.032,38.1
227,BR1080r-BMEI1688,900446145_NZ_UAQV01000017.1,100.0,20.0,0.0,0.0,1.0,20.0,595528.0,595547.0,0.032,38.1
228,BR1080r-BMEI1688,000480135_NZ_AXMW01000007.1,100.0,20.0,0.0,0.0,51.0,70.0,121055.0,121074.0,0.032,38.1
229,BR1080r-BMEI1688,000698345_NZ_CP007720.1,100.0,20.0,0.0,0.0,51.0,70.0,264687.0,264706.0,0.032,38.1
